best_profit	one_std_profit
114385.70329200008	50671.4934592689
